Metrica;Valor
Acuracia;0.6906666666666667
Precisao;0.4227989012577707
Recall;0.6498888888888888
F1-score;0.5123062100376631
AUC;0.7407205
